STATUS;CODMTC;DATA_INCLUSAO;USUINC;PC;FILPC;PV;FILPV;TIPCAR;CODPRODUTO;SITUAC;CODTOMADOR;TOMADOR;LINHA;PONTOINI;PONTOFIM;DATRET;DATENT;CODREM;REMETENTE;CODDES;DESTINATARIO;FM;OBSERV;DATINC;CTE;FILIALCTE;SERIECTE;TOTALFRETE;PRODUTO
;;2024-02-06 10:28:00;KANNANDA.SANTOS;584;41;569,0;41,0;3;96,0;B;61;ARCELOR MITTAL;NSSJFR;SE;MG;2024-02-07;2024-02-12;61;ARCELOR MITTAL;61,0;ARCELOR MITTAL;0.00;;2024-02-06;2179,0;41,0;1,0;21678.55;SUCATA
;;2024-02-01 15:41:00;michael.ramos;4976;42;4843,0;42,0;3;344,0;B;61;ARCELOR MITTAL;BRAJUA;DF;BA;2024-02-01;2024-02-06;61;ARCELOR MITTAL;61,0;ARCELOR MITTAL;0.00;;2024-02-01;13199,0;42,0;1,0;14204.55;TELAS
;;2024-02-02 15:27:00;geovanna.saraiva;4977;42;4844,0;42,0;3;344,0;B;61;ARCELOR MITTAL;PGRBRa;SP;DF;2024-02-02;2024-02-05;61;ARCELOR MITTAL;61,0;ARCELOR MITTAL;0.00;;2024-02-02;13200,0;42,0;1,0;9899.10;TELAS
ERRO DO USUÁRIO;11,0;2024-02-02 15:54:00;michael.ramos;4978;42;4845,0;42,0;3;97712,0;C;61;ARCELOR MITTAL;BRACNJ;DF;PA;2024-02-02;2024-02-06;61;ARCELOR MITTAL;;;0.00;;2024-02-02;;;;;25,00 BELGO 50 PRONTO 0D A
;;2024-02-02 16:31:00;michael.ramos;4979;42;4846,0;42,0;3;97712,0;B;61;ARCELOR MITTAL;BRACNJ;DF;PA;2024-02-02;2024-02-08;61;ARCELOR MITTAL;;;0.00;;2024-02-02;13202,0;42,0;1,0;19962.27;25,00 BELGO 50 PRONTO 0D A
ERRO DO USUÁRIO;11,0;2024-02-03 11:17:00;michael.ramos;4980;42;4847,0;42,0;3;344,0;C;61;ARCELOR MITTAL;BRAPSU;DF;BA;2024-02-03;2024-02-10;61;ARCELOR MITTAL;61,0;ARCELOR MITTAL;0.00;;2024-02-03;;;;;TELAS
;;2024-02-03 11:35:00;michael.ramos;4981;42;4848,0;42,0;3;344,0;B;61;ARCELOR MITTAL;BRAPVH;DF;RO;2024-02-03;2024-02-10;61;ARCELOR MITTAL;61,0;ARCELOR MITTAL;0.00;;2024-02-03;13204,0;42,0;1,0;23232.28;TELAS
;;2024-02-03 11:57:00;michael.ramos;4982;42;4849,0;42,0;3;344,0;B;61;ARCELOR MITTAL;BRAMAA;DF;CE;2024-02-03;2024-02-10;61;ARCELOR MITTAL;61,0;ARCELOR MITTAL;0.00;;2024-02-03;13205,0;42,0;1,0;8568.01;TELAS
;;2024-02-03 12:00:00;michael.ramos;4983;42;4850,0;42,0;3;344,0;B;61;ARCELOR MITTAL;BRAMAA;DF;CE;2024-02-03;2024-02-10;61;ARCELOR MITTAL;61,0;ARCELOR MITTAL;0.00;;2024-02-03;13206,0;42,0;1,0;9511.91;TELAS
;;2024-02-03 12:02:00;michael.ramos;4984;42;4851,0;42,0;3;344,0;B;61;ARCELOR MITTAL;BRAMAA;DF;CE;2024-02-03;2024-02-10;61;ARCELOR MITTAL;61,0;ARCELOR MITTAL;0.00;;2024-02-03;13207,0;42,0;1,0;1585.05;TELAS
;;2024-02-03 12:04:00;michael.ramos;4985;42;4852,0;42,0;3;344,0;B;61;ARCELOR MITTAL;BRAMAA;DF;CE;2024-02-03;2024-02-10;61;ARCELOR MITTAL;61,0;ARCELOR MITTAL;0.00;;2024-02-03;13208,0;42,0;1,0;1585.05;TELAS
;;2024-02-05 09:39:00;michael.ramos;4986;42;4853,0;42,0;3;344,0;B;61;ARCELOR MITTAL;BRACDS;DF;BA;2024-02-05;2024-02-10;61;ARCELOR MITTAL;61,0;ARCELOR MITTAL;0.00;;2024-02-05;13209,0;42,0;1,0;12784.09;TELAS
;;2024-02-05 12:53:00;michael.ramos;4987;42;4854,0;42,0;3;2147,0;B;61;ARCELOR MITTAL;BRAPVH;DF;RO;2024-02-05;2024-02-10;61;ARCELOR MITTAL;61,0;ARCELOR MITTAL;0.00;;2024-02-05;13211,0;42,0;1,0;5332.45;TRELICA
;;2024-02-05 12:56:00;michael.ramos;4988;42;4855,0;42,0;3;344,0;D;61;ARCELOR MITTAL;BRAPVH;DF;RO;2024-02-05;2024-02-10;61;ARCELOR MITTAL;61,0;ARCELOR MITTAL;0.00;;2024-02-05;;;;;TELAS
;;2024-02-05 12:58:00;michael.ramos;4989;42;4856,0;42,0;3;344,0;B;61;ARCELOR MITTAL;BRAPVH;DF;RO;2024-02-05;2024-02-10;61;ARCELOR MITTAL;61,0;ARCELOR MITTAL;0.00;;2024-02-05;13212,0;42,0;1,0;2444.57;TELAS
;;2024-02-05 13:00:00;michael.ramos;4990;42;4857,0;42,0;3;344,0;B;61;ARCELOR MITTAL;BRAPVH;DF;RO;2024-02-05;2024-02-10;61;ARCELOR MITTAL;61,0;ARCELOR MITTAL;0.00;;2024-02-05;13214,0;42,0;1,0;11407.99;TELAS
;;2024-02-05 13:22:00;michael.ramos;4991;42;4858,0;42,0;3;344,0;B;61;ARCELOR MITTAL;BRAPVH;DF;RO;2024-02-05;2024-02-10;61;ARCELOR MITTAL;61,0;ARCELOR MITTAL;0.00;;2024-02-05;13213,0;42,0;1,0;3258.17;TELAS
;;2024-02-05 13:50:00;michael.ramos;4992;42;4859,0;42,0;3;344,0;B;61;ARCELOR MITTAL;BRABAS;DF;BA;2024-02-05;2024-02-10;61;ARCELOR MITTAL;61,0;ARCELOR MITTAL;0.00;;2024-02-05;13215,0;42,0;1,0;7670.45;TELAS
;;2024-02-05 14:45:00;michael.ramos;4993;42;4860,0;42,0;3;344,0;B;61;ARCELOR MITTAL;BRAMCP;DF;AP;2024-02-05;2024-02-10;61;ARCELOR MITTAL;;;0.00;;2024-02-05;13216,0;42,0;1,0;2468.47;TELAS
;;2024-02-05 14:53:00;michael.ramos;4994;42;4861,0;42,0;3;344,0;B;61;ARCELOR MITTAL;BRAMCP;DF;AP;2024-02-05;2024-02-10;61;ARCELOR MITTAL;;;0.00;;2024-02-05;13217,0;42,0;1,0;1683.38;TELAS
;;2024-02-05 14:57:00;michael.ramos;4995;42;4862,0;42,0;3;344,0;B;61;ARCELOR MITTAL;BRAMCP;DF;AP;2024-02-05;2024-02-15;61;ARCELOR MITTAL;;;0.00;;2024-02-05;13218,0;42,0;1,0;3780.22;TELAS
;;2024-02-05 15:02:00;michael.ramos;4997;42;4863,0;42,0;3;31467,0;B;61;ARCELOR MITTAL;BRAMCP;DF;AP;2024-02-05;2024-02-15;61;ARCELOR MITTAL;;;0.00;;2024-02-05;13219,0;42,0;1,0;7171.53;CA50 10,00 MM BARRA RETA VERGALHAO 12,00 METROS
;;2024-02-05 15:06:00;michael.ramos;4998;42;4864,0;42,0;3;31463,0;B;61;ARCELOR MITTAL;BRAMCP;DF;AP;2024-02-05;2024-02-15;61;ARCELOR MITTAL;;;0.00;;2024-02-05;13220,0;42,0;1,0;19303.28;BELGO 25 CA25 10,00 MM BARRA RETA 12,00 METROS
;;2024-02-05 16:36:00;michael.ramos;4999;42;4865,0;42,0;3;97713,0;B;61;ARCELOR MITTAL;BRACNJ;DF;PA;2024-02-05;2024-02-10;61;ARCELOR MITTAL;;;0.00;;2024-02-05;13221,0;42,0;1,0;20559.55;16,00 BELGO 50 PRONTO 0D A
;;2024-02-05 17:02:00;michael.ramos;5000;42;4866,0;42,0;3;2147,0;B;61;ARCELOR MITTAL;BRAVTC;DF;BA;2024-02-05;2024-02-10;61;ARCELOR MITTAL;61,0;ARCELOR MITTAL;0.00;;2024-02-05;13222,0;42,0;1,0;1774.86;TRELICA
;;2024-02-05 17:05:00;michael.ramos;5001;42;4867,0;42,0;3;344,0;B;61;ARCELOR MITTAL;BRAVTC;DF;BA;2024-02-05;2024-02-10;61;ARCELOR MITTAL;61,0;ARCELOR MITTAL;0.00;;2024-02-05;13223,0;42,0;1,0;4339.50;TELAS
;;2024-02-05 17:09:00;michael.ramos;5002;42;4868,0;42,0;3;344,0;B;61;ARCELOR MITTAL;BRAVTC;DF;BA;2024-02-05;2024-02-10;61;ARCELOR MITTAL;61,0;ARCELOR MITTAL;0.00;;2024-02-05;13224,0;42,0;1,0;5533.36;TELAS
;;2024-02-06 08:48:00;michael.ramos;5003;42;4869,0;42,0;3;344,0;B;61;ARCELOR MITTAL;BRAJUA;DF;BA;2024-02-06;2024-02-12;61;ARCELOR MITTAL;61,0;ARCELOR MITTAL;0.00;;2024-02-06;13225,0;42,0;1,0;14204.55;TELAS
;;2024-02-06 09:35:00;michael.ramos;5004;42;4870,0;42,0;3;344,0;B;61;ARCELOR MITTAL;BRAJUA;DF;BA;2024-02-06;2024-02-10;61;ARCELOR MITTAL;61,0;ARCELOR MITTAL;0.00;;2024-02-06;13226,0;42,0;1,0;14204.55;TELAS
;;2024-02-09 10:52:00;michael.ramos;5006;42;4872,0;42,0;3;91512,0;D;61;ARCELOR MITTAL;BRACNJ;DF;PA;2024-02-09;2024-02-17;61;ARCELOR MITTAL;;;0.00;;2024-02-09;;;;;BELGO 50 CA50 8,00 MM SOLDAVEL
;;2024-02-09 11:53:00;michael.ramos;5007;42;4873,0;42,0;3;91512,0;B;61;ARCELOR MITTAL;BRACNJ;DF;PA;2024-02-09;2024-02-15;61;ARCELOR MITTAL;;;0.00;;2024-02-09;13227,0;42,0;1,0;20721.82;BELGO 50 CA50 8,00 MM SOLDAVEL
;;2024-02-09 13:35:00;michael.ramos;5008;42;4874,0;42,0;3;97712,0;B;61;ARCELOR MITTAL;BRAPLM;DF;TO;2024-02-09;2024-02-15;61;ARCELOR MITTAL;;;0.00;;2024-02-09;13228,0;42,0;1,0;8205.85;25,00 BELGO 50 PRONTO 0D A
;;2024-02-09 13:40:00;michael.ramos;5009;42;4875,0;42,0;3;97712,0;B;61;ARCELOR MITTAL;BRAPLM;DF;TO;2024-02-09;2024-02-15;61;ARCELOR MITTAL;;;0.00;;2024-02-09;13229,0;42,0;1,0;135.28;25,00 BELGO 50 PRONTO 0D A
;;2024-02-09 14:03:00;michael.ramos;5010;42;4876,0;42,0;3;344,0;B;61;ARCELOR MITTAL;BRAARQ;DF;SP;2024-02-09;2024-02-15;61;ARCELOR MITTAL;61,0;ARCELOR MITTAL;0.00;;2024-02-09;13230,0;42,0;1,0;435.66;TELAS
;;2024-02-09 14:04:00;michael.ramos;5011;42;4877,0;42,0;3;344,0;B;61;ARCELOR MITTAL;BRAARQ;DF;SP;2024-02-09;2024-02-15;61;ARCELOR MITTAL;61,0;ARCELOR MITTAL;0.00;;2024-02-09;13231,0;42,0;1,0;8371.16;TELAS
;;2024-02-09 15:35:00;michael.ramos;5012;42;4878,0;42,0;3;344,0;B;61;ARCELOR MITTAL;BRAVRD;DF;RJ;2024-02-09;2024-02-15;61;ARCELOR MITTAL;61,0;ARCELOR MITTAL;0.00;;2024-02-09;13232,0;42,0;1,0;10588.95;TELAS
;;2024-02-09 16:53:00;michael.ramos;5013;42;4879,0;42,0;3;344,0;B;61;ARCELOR MITTAL;BRAVRD;DF;RJ;2024-02-09;2024-02-15;61;ARCELOR MITTAL;61,0;ARCELOR MITTAL;0.00;;2024-02-09;13234,0;42,0;1,0;10588.95;TELAS
;;2024-02-11 10:10:00;PAULO.PAULA;5014;42;4880,0;42,0;1;344,0;D;61;ARCELOR MITTAL;BRAVIV;DF;ES;2024-02-11;2024-02-11;61;ARCELOR MITTAL;;;0.00;;2024-02-11;13235,0;42,0;1,0;10723.33;TELAS
;;2024-02-12 10:38:00;michael.ramos;5015;42;4881,0;42,0;3;344,0;B;61;ARCELOR MITTAL;BRAVTC;DF;BA;2024-02-12;2024-02-18;61;ARCELOR MITTAL;61,0;ARCELOR MITTAL;0.00;;2024-02-12;13236,0;42,0;1,0;4076.47;TELAS
;;2024-02-12 10:42:00;michael.ramos;5016;42;4882,0;42,0;3;344,0;B;61;ARCELOR MITTAL;BRAVTC;DF;BA;2024-02-12;2024-02-18;61;ARCELOR MITTAL;61,0;ARCELOR MITTAL;0.00;;2024-02-12;13237,0;42,0;1,0;2911.93;TELAS
;;2024-02-12 10:45:00;michael.ramos;5017;42;4883,0;42,0;3;344,0;B;61;ARCELOR MITTAL;BRAVTC;DF;BA;2024-02-12;2024-02-18;61;ARCELOR MITTAL;61,0;ARCELOR MITTAL;0.00;;2024-02-12;13238,0;42,0;1,0;4659.33;TELAS
;;2024-02-14 16:54:00;michael.ramos;5019;42;4884,0;42,0;3;28172,0;B;61;ARCELOR MITTAL;BRACNJ;DF;PA;2024-02-14;2024-02-20;61;ARCELOR MITTAL;;;0.00;;2024-02-14;13240,0;42,0;1,0;21023.86;BARRA TRANSFERENCIA BELGO 25MM
;;2024-02-02 17:55:00;anderson.miranda;14366;45;14242,0;45,0;3;96,0;B;61;ARCELOR MITTAL;CGBJFR;MT;MG;2024-02-02;2024-02-02;61;ARCELOR MITTAL;61,0;ARCELOR MITTAL;0.00;;2024-02-02;19891,0;45,0;1,0;13920.45;SUCATA
;;2024-02-09 16:19:00;anderson.miranda;14368;45;14244,0;45,0;3;96,0;B;61;ARCELOR MITTAL;CGBJFR;MT;MG;2024-02-09;2024-02-09;61;ARCELOR MITTAL;61,0;ARCELOR MITTAL;0.00;;2024-02-09;19897,0;45,0;1,0;13352.27;SUCATA
;;2024-02-06 12:12:00;anderson.miranda;15978;34;6171,0;34,0;3;96,0;B;61;ARCELOR MITTAL;LZNJFR;GO;MG;2024-02-06;2024-02-06;306;CIF METALCAP;61,0;ARCELOR MITTAL;0.00;;2024-02-06;17914,0;34,0;1,0;6912.50;SUCATA
;;2024-02-01 08:26:00;FELIPE.BIANCHETTI;69597;29;18177,0;29,0;5;30389,0;B;61;ARCELOR MITTAL;JFRDVN;MG;MG;2024-02-01;2024-02-05;61;ARCELOR MITTAL;61,0;ARCELOR MITTAL;0.00;;2024-02-01;45832,0;29,0;1,0;2310.84;CA60 5,00 NERV RETO 12,0 M FX 2500 KG
;;2024-02-01 08:46:00;FELIPE.BIANCHETTI;69598;29;18178,0;29,0;5;27492,0;B;61;ARCELOR MITTAL;JFRFRM;MG;MG;2024-02-01;2024-02-05;61;ARCELOR MITTAL;;;0.00;;2024-02-01;45833,0;29,0;1,0;1203.44;CA50 16,00 MM BARRA RETA VERGALHAO 12,00 METROS
;;2024-02-03 14:27:00;FELIPE.BIANCHETTI;69605;29;18183,0;29,0;5;19346,0;B;61;ARCELOR MITTAL;JFRCGB;MG;MT;2024-02-03;2024-02-03;61;ARCELOR MITTAL;61,0;ARCELOR MITTAL;0.00;;2024-02-03;45860,0;29,0;1,0;10119.77;CA50 NUCLEO OCT.10,00 ROLO 2000 KG SOLDA
;;2024-02-03 14:56:00;FELIPE.BIANCHETTI;69606;29;18184,0;29,0;5;23860,0;B;61;ARCELOR MITTAL;JFRCGB;MG;MT;2024-02-03;2024-02-07;61;ARCELOR MITTAL;;;0.00;;2024-02-03;45861,0;29,0;1,0;1010.87;CA50 NUCLEO OCT.12,50 ROLO 2000 KG SOLDA
;;2024-02-03 21:24:00;FELIPE.BIANCHETTI;69607;29;18185,0;29,0;3;77,0;B;61;ARCELOR MITTAL;JFRCDS;MG;BA;2024-02-03;2024-02-07;61;ARCELOR MITTAL;61,0;ARCELOR MITTAL;0.00;;2024-02-03;45863,0;29,0;1,0;564.40;ARAME RECOZIDO
;;2024-02-04 10:48:00;FELIPE.BIANCHETTI;69608;29;18186,0;29,0;3;78723,0;M;61;ARCELOR MITTAL;JFREUS;MG;BA;2024-02-04;2024-02-07;61;ARCELOR MITTAL;61,0;ARCELOR MITTAL;0.00;;2024-02-04;45870,0;29,0;1,0;896.72;BELGO 60 CA60 4,20MM RETO 12,00 METROS
;;2024-02-05 08:59:00;KANNANDA.SANTOS;69609;29;138988,0;26,0;3;29533,0;D;61;ARCELOR MITTAL;JFRVRD;MG;RJ;2024-02-05;2024-02-06;61;ARCELOR MITTAL;61,0;ARCELOR MITTAL;0.00;;2024-02-05;45882,0;29,0;1,0;1106.50;CA50 NUCLEO OCT.6,30 ROLO 2000 KG SOLDAV
;;2024-02-05 09:13:00;FELIPE.BIANCHETTI;69611;29;18188,0;29,0;3;69,0;B;61;ARCELOR MITTAL;JFRAGN;MG;TO;2024-02-05;2024-02-09;61;ARCELOR MITTAL;;;0.00;;2024-02-05;45878,0;29,0;1,0;3410.05;PREGO
;;2024-02-05 10:00:00;FELIPE.BIANCHETTI;69612;29;18189,0;29,0;3;2147,0;B;61;ARCELOR MITTAL;JFRCFB;MG;MG;2024-02-05;2024-02-07;61;ARCELOR MITTAL;61,0;ARCELOR MITTAL;0.00;;2024-02-05;45879,0;29,0;1,0;293.79;TRELICA
;;2024-02-05 10:03:00;FELIPE.BIANCHETTI;69613;29;18190,0;29,0;3;2147,0;B;61;ARCELOR MITTAL;JFRCFB;MG;MG;2024-02-05;2024-02-07;61;ARCELOR MITTAL;61,0;ARCELOR MITTAL;0.00;;2024-02-05;45880,0;29,0;1,0;587.60;TRELICA
;;2024-02-05 10:03:00;FELIPE.BIANCHETTI;69614;29;18191,0;29,0;3;2147,0;B;61;ARCELOR MITTAL;JFRCFB;MG;MG;2024-02-05;2024-02-07;61;ARCELOR MITTAL;61,0;ARCELOR MITTAL;0.00;;2024-02-05;45881,0;29,0;1,0;2643.89;TRELICA
;;2024-02-06 15:24:00;FELIPE.BIANCHETTI;69625;29;18199,0;29,0;5;94070,0;B;61;ARCELOR MITTAL;JFRSRE;MG;PA;2024-02-06;2024-02-16;61;ARCELOR MITTAL;61,0;ARCELOR MITTAL;0.00;;2024-02-06;45913,0;29,0;1,0;7009.05;BELGO 60 CA60 4,20 BARRA RETA 12,00 METROS
;;2024-02-08 10:25:00;ray.freitas;69638;29;18205,0;29,0;5;2147,0;B;61;ARCELOR MITTAL;JFRCCV;MG;PR;2024-02-08;2024-02-08;61;ARCELOR MITTAL;61,0;ARCELOR MITTAL;0.00;;2024-02-08;45926,0;29,0;1,0;4559.05;TRELICA
;;2024-02-08 10:37:00;ray.freitas;69639;29;18206,0;29,0;5;2147,0;B;61;ARCELOR MITTAL;JFRUMU;MG;PR;2024-02-08;2024-02-08;61;ARCELOR MITTAL;61,0;ARCELOR MITTAL;0.00;;2024-02-08;45927,0;29,0;1,0;5104.32;TRELICA
;;2024-02-13 16:17:00;KANNANDA.SANTOS;69656;29;18221,0;29,0;3;29533,0;B;61;ARCELOR MITTAL;JFRCGB;MG;MT;2024-02-13;2024-02-19;61;ARCELOR MITTAL;61,0;ARCELOR MITTAL;0.00;;2024-02-13;45948,0;29,0;1,0;2660.73;CA50 NUCLEO OCT.6,30 ROLO 2000 KG SOLDAV
;;2024-02-14 16:04:00;KANNANDA.SANTOS;69669;29;;;3;96,0;D;61;ARCELOR MITTAL;UDIJFR;MG;MG;2024-02-14;2024-02-16;61;ARCELOR MITTAL;61,0;ARCELOR MITTAL;0.00;;2024-02-14;;;;;SUCATA
;;2024-02-01 08:11:00;ray.freitas;121751;33;6983,0;33,0;4;2147,0;B;61;ARCELOR MITTAL;RDETRS;RJ;RJ;2024-02-01;2024-02-01;61;ARCELOR MITTAL;;;0.00;;2024-02-01;32314,0;33,0;1,0;828.35;TRELICA
;;2024-02-01 08:31:00;ray.freitas;121752;33;6984,0;33,0;5;2147,0;B;61;ARCELOR MITTAL;RDETRS;RJ;RJ;2024-02-01;2024-02-01;61;ARCELOR MITTAL;;;0.00;;2024-02-01;32315,0;33,0;1,0;751.73;TRELICA
;;2024-02-01 08:51:00;ray.freitas;121753;33;6987,0;33,0;4;2147,0;B;61;ARCELOR MITTAL;RDEBPR;RJ;RJ;2024-02-01;2024-02-01;61;ARCELOR MITTAL;;;0.00;;2024-02-01;32316,0;33,0;1,0;778.49;TRELICA
;;2024-02-01 09:22:00;ray.freitas;121754;33;6988,0;33,0;4;2147,0;B;61;ARCELOR MITTAL;RDEDEM;RJ;RJ;2024-02-01;2024-02-01;61;ARCELOR MITTAL;;;0.00;;2024-02-01;32318,0;33,0;1,0;1775.58;TRELICA
;;2024-02-01 11:42:00;EDERSON.ARRUDA;121755;33;6989,0;33,0;4;344,0;B;61;ARCELOR MITTAL;RDECOF;RJ;MT;2024-02-01;2024-02-04;61;ARCELOR MITTAL;;;0.00;;2024-02-01;32321,0;33,0;1,0;13496.56;TELAS
;;2024-02-01 12:10:00;EDERSON.ARRUDA;121756;33;6990,0;33,0;4;344,0;B;61;ARCELOR MITTAL;RDECOM;RJ;MT;2024-02-01;2024-02-05;61;ARCELOR MITTAL;;;0.00;;2024-02-01;32322,0;33,0;1,0;5890.60;TELAS
;;2024-02-01 12:33:00;EDERSON.ARRUDA;121757;33;6991,0;33,0;4;543,0;B;61;ARCELOR MITTAL;RDECOM;RJ;MT;2024-02-01;2024-02-05;61;ARCELOR MITTAL;;;0.00;;2024-02-01;32323,0;33,0;1,0;8836.61;TELA SOLDADA Q113
;;2024-02-01 20:10:00;EDERSON.ARRUDA;121759;33;6993,0;33,0;4;24318,0;B;61;ARCELOR MITTAL;RDEPRI;RJ;MT;2024-02-01;2024-02-04;61;ARCELOR MITTAL;;;0.00;;2024-02-01;32326,0;33,0;1,0;2475.01;VERGALHAO CA60 4,20mm 12m NBR7480
;;2024-02-01 20:31:00;EDERSON.ARRUDA;121760;33;6994,0;33,0;4;53822,0;B;61;ARCELOR MITTAL;RDERON;RJ;MT;2024-02-01;2024-02-04;61;ARCELOR MITTAL;;;0.00;;2024-02-01;32327,0;33,0;1,0;3642.69;VERGALHAO CA60 5,00mm ROLO
ERRO DO USUÁRIO;11,0;2024-02-01 20:41:00;EDERSON.ARRUDA;121761;33;6995,0;33,0;4;23880,0;C;61;ARCELOR MITTAL;RDECRP;RJ;SP;2024-02-01;2024-02-04;61;ARCELOR MITTAL;;;0.00;;2024-02-01;;;;;VERGALHAO CA60 5,00mm 12m NBR7480
;;2024-02-01 21:08:00;EDERSON.ARRUDA;121762;33;6996,0;33,0;4;19344,0;B;61;ARCELOR MITTAL;RDECGB;RJ;MT;2024-02-01;2024-02-04;61;ARCELOR MITTAL;;;0.00;;2024-02-01;32329,0;33,0;1,0;5755.73;CA60 5,00 MM RL 1T CINTADO
;;2024-02-02 08:04:00;ray.freitas;121763;33;6997,0;33,0;5;94626,0;B;61;ARCELOR MITTAL;RDESPA;RJ;SP;2024-02-02;2024-02-02;61;ARCELOR MITTAL;61,0;ARCELOR MITTAL;0.00;;2024-02-02;32332,0;33,0;1,0;3693.01;FM 8,00 MV20B
;;2024-02-02 08:29:00;ray.freitas;121764;33;6998,0;33,0;5;48227,0;B;61;ARCELOR MITTAL;RDEARD;RJ;RS;2024-02-02;2024-02-02;61;ARCELOR MITTAL;61,0;ARCELOR MITTAL;0.00;;2024-02-02;32333,0;33,0;1,0;10327.01;CA50 NUCLEO OCT
;;2024-02-01 08:51:00;EDERSON.ARRUDA;121779;27;24664,0;27,0;4;27541,0;B;61;ARCELOR MITTAL;RPRDCX;SP;RJ;2024-02-01;2024-02-01;61;ARCELOR MITTAL;61,0;ARCELOR MITTAL;0.00;;2024-02-01;102795,0;27,0;1,0;261.77;"BCH 1 x 1/4"" NBR 7007 MR 250 6,00 M 1T"
;;2024-02-01 08:45:00;juliana.castilho;121780;26;6985,0;33,0;3;77194,0;B;61;ARCELOR MITTAL;RDESPA;RJ;SP;2024-02-01;2024-02-01;61;ARCELOR MITTAL;61,0;ARCELOR MITTAL;0.00;;2024-02-01;32317,0;33,0;1,0;3680.08;FM 6,50MM AM60B NBR6354 RS
;;2024-02-01 09:11:00;EDERSON.ARRUDA;121780;27;24665,0;27,0;4;27541,0;B;61;ARCELOR MITTAL;RPRDCX;SP;RJ;2024-02-01;2024-02-02;61;ARCELOR MITTAL;61,0;ARCELOR MITTAL;0.00;;2024-02-01;102796,0;27,0;1,0;189.78;"BCH 1 x 1/4"" NBR 7007 MR 250 6,00 M 1T"
;;2024-02-01 08:49:00;juliana.castilho;121781;26;6986,0;33,0;3;61799,0;B;61;ARCELOR MITTAL;RDESPA;RJ;SP;2024-02-01;2024-02-01;61;ARCELOR MITTAL;61,0;ARCELOR MITTAL;0.00;;2024-02-01;32319,0;33,0;1,0;2971.94;FM 10,50 MV20B NBR6354 SP
;;2024-02-01 09:19:00;EDERSON.ARRUDA;121781;27;24666,0;27,0;4;27540,0;B;61;ARCELOR MITTAL;RPRDCX;SP;RJ;2024-02-01;2024-02-02;61;ARCELOR MITTAL;61,0;ARCELOR MITTAL;0.00;;2024-02-01;102798,0;27,0;1,0;825.64;"BCH 1/2 x 3/16"" 6,00 M 1T"
;;2024-02-01 09:31:00;EDERSON.ARRUDA;121782;27;24667,0;27,0;4;57,0;B;61;ARCELOR MITTAL;RPRDCX;SP;RJ;2024-02-01;2024-02-02;61;ARCELOR MITTAL;61,0;ARCELOR MITTAL;0.00;;2024-02-01;102799,0;27,0;1,0;1048.67;CANTONEIRA 6 MTS.
;;2024-02-01 09:39:00;EDERSON.ARRUDA;121783;27;24668,0;27,0;4;81561,0;B;61;ARCELOR MITTAL;RPRDCX;SP;RJ;2024-02-01;2024-02-02;61;ARCELOR MITTAL;61,0;ARCELOR MITTAL;0.00;;2024-02-01;102800,0;27,0;1,0;93.19;TB RD BQ
;;2024-02-01 09:59:00;EDERSON.ARRUDA;121784;27;24669,0;27,0;4;406,0;B;61;ARCELOR MITTAL;RPRDCX;SP;RJ;2024-02-01;2024-02-02;61;ARCELOR MITTAL;61,0;ARCELOR MITTAL;0.00;;2024-02-01;102801,0;27,0;1,0;426.17;TUBOS ESTEREIS PARA ANALISES
;;2024-02-01 10:07:00;EDERSON.ARRUDA;121785;27;24670,0;27,0;4;57,0;B;61;ARCELOR MITTAL;RPRDCX;SP;RJ;2024-02-01;2024-02-02;61;ARCELOR MITTAL;61,0;ARCELOR MITTAL;0.00;;2024-02-01;102802,0;27,0;1,0;1439.48;CANTONEIRA 6 MTS.
;;2024-02-01 10:54:00;EDERSON.ARRUDA;121787;27;24671,0;27,0;4;17406,0;B;61;ARCELOR MITTAL;RPRIUR;SP;RJ;2024-02-01;2024-02-02;61;ARCELOR MITTAL;;;0.00;;2024-02-01;102805,0;27,0;1,0;1661.50;PF W 150x18 A572 GR50 12M (W 6 x 12)
;;2024-02-01 10:43:00;KANNANDA.SANTOS;121790;26;6158,0;34,0;3;96,0;D;61;ARCELOR MITTAL;IMBJFR;GO;MG;2024-02-01;2024-02-03;61;ARCELOR MITTAL;61,0;ARCELOR MITTAL;0.00;;2024-02-01;17888,0;34,0;1,0;7961.65;SUCATA
;;2024-02-02 22:21:00;EDERSON.ARRUDA;121814;27;24680,0;27,0;4;30378,0;B;61;ARCELOR MITTAL;IQCPRN;SP;PR;2024-02-02;2024-02-04;61;ARCELOR MITTAL;;;0.00;;2024-02-02;102835,0;27,0;1,0;1834.18;CA50 12,50 MM ROLO 2000 KG SOLDAVEL
;;2024-02-02 22:38:00;EDERSON.ARRUDA;121815;27;24681,0;27,0;4;29548,0;B;61;ARCELOR MITTAL;IQCPRN;SP;PR;2024-02-02;2024-02-04;61;ARCELOR MITTAL;;;0.00;;2024-02-02;102836,0;27,0;1,0;3614.59;VERGALHAO CA50 12,50 BD 12m NBR7480
;;2024-02-03 08:31:00;PAULO.PAULA;121816;27;24683,0;27,0;1;23,0;B;61;ARCELOR MITTAL;PIRMAA;SP;CE;2024-02-03;2024-02-03;61;ARCELOR MITTAL;61,0;ARCELOR MITTAL;0.00;;2024-02-03;102838,0;27,0;1,0;18681.74;VERGALHAO CA50 DOBRADO
;;2024-02-03 08:46:00;PAULO.PAULA;121817;27;24684,0;27,0;1;23,0;B;61;ARCELOR MITTAL;PIRMAA;SP;CE;2024-02-03;2024-02-03;61;ARCELOR MITTAL;61,0;ARCELOR MITTAL;0.00;;2024-02-03;102839,0;27,0;1,0;18655.87;VERGALHAO CA50 DOBRADO
;;2024-02-02 09:01:00;KANNANDA.SANTOS;121838;35;3596,0;35,0;3;96,0;D;61;ARCELOR MITTAL;JGRSGR;PE;CE;2024-02-02;2024-02-05;61;ARCELOR MITTAL;61,0;ARCELOR MITTAL;0.00;;2024-02-02;14147,0;35,0;1,0;8508.81;SUCATA
;;2024-02-02 09:24:00;KANNANDA.SANTOS;121840;35;3599,0;35,0;3;96,0;D;61;ARCELOR MITTAL;JGRSGR;PE;CE;2024-02-02;2024-02-05;61;ARCELOR MITTAL;61,0;ARCELOR MITTAL;0.00;;2024-02-02;14148,0;35,0;1,0;8154.84;SUCATA
;;2024-02-02 14:47:00;Kannanda.santos;121857;35;3617,0;35,0;3;96,0;B;61;ARCELOR MITTAL;JGRSGR;PE;CE;2024-02-05;2024-02-07;61;ARCELOR MITTAL;61,0;ARCELOR MITTAL;0.00;;2024-02-02;14184,0;35,0;1,0;16336.91;SUCATA
;;2024-02-02 14:39:00;Kannanda.santos;121857;46;17096,0;46,0;3;96,0;D;61;ARCELOR MITTAL;MAASGR;CE;CE;2024-02-02;2024-02-03;61;ARCELOR MITTAL;61,0;ARCELOR MITTAL;0.00;;2024-02-02;38237,0;46,0;1,0;1875.00;SUCATA
;;2024-02-02 23:45:00;elina.oliveira;121900;26;138957,0;26,0;1;96,0;D;61;ARCELOR MITTAL;PIRMAA;SP;CE;2024-02-02;2024-02-02;61;ARCELOR MITTAL;61,0;ARCELOR MITTAL;0.00;;2024-02-02;;;;;SUCATA
;;2024-02-02 21:28:00;ray.freitas;121901;33;7001,0;33,0;5;32695,0;B;61;ARCELOR MITTAL;RDEVGS;RJ;SP;2024-02-02;2024-02-02;61;ARCELOR MITTAL;61,0;ARCELOR MITTAL;0.00;;2024-02-02;32338,0;33,0;1,0;4353.06;FM 6,50 1012 MA12B 3510
;;2024-02-03 08:20:00;ray.freitas;121902;33;7002,0;33,0;5;24438,0;B;61;ARCELOR MITTAL;RDEVGS;RJ;SP;2024-02-03;2024-02-03;61;ARCELOR MITTAL;61,0;ARCELOR MITTAL;0.00;;2024-02-03;32339,0;33,0;1,0;4430.72;FM 6,50 /mm
;;2024-02-03 13:12:00;EDERSON.ARRUDA;121903;33;7004,0;33,0;5;21507,0;B;61;ARCELOR MITTAL;RDEBRA;RJ;DF;2024-02-03;2024-02-05;61;ARCELOR MITTAL;61,0;ARCELOR MITTAL;0.00;;2024-02-03;32340,0;33,0;1,0;8694.77;FM 6,00 1008 MV07A 3503 SP
;;2024-02-05 09:43:00;KANNANDA.SANTOS;121926;46;17112,0;46,0;3;96,0;D;61;ARCELOR MITTAL;MAASGR;CE;CE;2024-02-05;2024-02-06;61;ARCELOR MITTAL;61,0;ARCELOR MITTAL;0.00;;2024-02-05;38252,0;46,0;1,0;1875.00;SUCATA
;;2024-02-05 14:32:00;abinoa.oliveira;121927;46;17113,0;46,0;3;13334,0;B;61;ARCELOR MITTAL;MAASGR;CE;CE;2024-02-05;2024-02-05;61;ARCELOR MITTAL;61,0;ARCELOR MITTAL;0.00;;2024-02-05;38253,0;46,0;1,0;1875.00;pacote misto chaparia
;;2024-02-05 15:36:00;KANNANDA.SANTOS;121928;46;139072,0;26,0;3;96,0;D;61;ARCELOR MITTAL;MAASGR;CE;CE;2024-02-06;2024-02-07;61;ARCELOR MITTAL;61,0;ARCELOR MITTAL;0.00;;2024-02-05;38271,0;46,0;1,0;1875.00;SUCATA
;;2024-02-05 16:44:00;abinoa.oliveira;121929;46;17114,0;46,0;3;13334,0;B;61;ARCELOR MITTAL;MAASGR;CE;CE;2024-02-05;2024-02-05;61;ARCELOR MITTAL;61,0;ARCELOR MITTAL;0.00;;2024-02-05;38256,0;46,0;1,0;1875.00;pacote misto chaparia
;;2024-02-04 13:59:00;ray.freitas;121936;33;7008,0;33,0;4;29533,0;B;61;ARCELOR MITTAL;RDEDCX;RJ;RJ;2024-02-04;2024-02-04;61;ARCELOR MITTAL;61,0;ARCELOR MITTAL;0.00;;2024-02-04;32345,0;33,0;1,0;2633.59;CA50 NUCLEO OCT.6,30 ROLO 2000 KG SOLDAV
;;2024-02-04 21:12:00;EDERSON.ARRUDA;121937;33;7009,0;33,0;4;66024,0;B;61;ARCELOR MITTAL;RDEPLM;RJ;TO;2024-02-04;2024-02-08;61;ARCELOR MITTAL;61,0;ARCELOR MITTAL;0.00;;2024-02-04;32346,0;33,0;1,0;15918.35;CA50 OCTOGONA
;;2024-02-04 21:17:00;EDERSON.ARRUDA;121938;33;7010,0;33,0;4;66024,0;B;61;ARCELOR MITTAL;RDEPLM;RJ;TO;2024-02-04;2024-02-08;61;ARCELOR MITTAL;61,0;ARCELOR MITTAL;0.00;;2024-02-04;32347,0;33,0;1,0;1016.97;CA50 OCTOGONA
;;2024-02-04 21:23:00;EDERSON.ARRUDA;121939;33;7011,0;33,0;4;48227,0;B;61;ARCELOR MITTAL;RDEPLM;RJ;TO;2024-02-04;2024-02-08;61;ARCELOR MITTAL;61,0;ARCELOR MITTAL;0.00;;2024-02-04;32348,0;33,0;1,0;1071.42;CA50 NUCLEO OCT
;;2024-02-05 08:10:00;ray.freitas;121940;33;7012,0;33,0;5;40819,0;B;61;ARCELOR MITTAL;RDERPR;RJ;SP;2024-02-05;2024-02-05;61;ARCELOR MITTAL;61,0;ARCELOR MITTAL;0.00;;2024-02-05;32349,0;33,0;1,0;3631.44;CA60 NERV 5,00MM ROLO 2T SF
;;2024-02-05 21:29:00;EDERSON.ARRUDA;121941;33;7014,0;33,0;4;27540,0;B;61;ARCELOR MITTAL;RDERPR;RJ;SP;2024-02-05;2024-02-06;61;ARCELOR MITTAL;61,0;ARCELOR MITTAL;0.00;;2024-02-05;32354,0;33,0;1,0;270.74;"BCH 1/2 x 3/16"" 6,00 M 1T"
;;2024-02-05 21:45:00;EDERSON.ARRUDA;121942;33;7015,0;33,0;4;27540,0;B;61;ARCELOR MITTAL;RDERPR;RJ;SP;2024-02-05;2024-02-06;61;ARCELOR MITTAL;61,0;ARCELOR MITTAL;0.00;;2024-02-05;32355,0;33,0;1,0;276.80;"BCH 1/2 x 3/16"" 6,00 M 1T"
;;2024-02-05 21:58:00;EDERSON.ARRUDA;121943;33;7016,0;33,0;4;27540,0;B;61;ARCELOR MITTAL;RDERPR;RJ;SP;2024-02-05;2027-02-06;61;ARCELOR MITTAL;61,0;ARCELOR MITTAL;0.00;;2024-02-05;32356,0;33,0;1,0;272.76;"BCH 1/2 x 3/16"" 6,00 M 1T"
;;2024-02-05 22:17:00;EDERSON.ARRUDA;121944;33;7017,0;33,0;4;27539,0;B;61;ARCELOR MITTAL;RDERPR;RJ;SP;2024-02-05;2024-02-06;61;ARCELOR MITTAL;61,0;ARCELOR MITTAL;0.00;;2024-02-05;32357,0;33,0;1,0;257.67;"BCH 1 x 1/8"" NBR 7007 MR 250 6,00 M 1T"
;;2024-02-05 22:22:00;EDERSON.ARRUDA;121945;33;7018,0;33,0;4;27540,0;B;61;ARCELOR MITTAL;RDERPR;RJ;SP;2024-02-05;2024-02-06;61;ARCELOR MITTAL;61,0;ARCELOR MITTAL;0.00;;2024-02-05;32358,0;33,0;1,0;1589.08;"BCH 1/2 x 3/16"" 6,00 M 1T"
;;2024-02-05 22:41:00;EDERSON.ARRUDA;121946;33;7019,0;33,0;4;27540,0;B;61;ARCELOR MITTAL;RDERPR;RJ;SP;2024-02-05;2024-02-06;61;ARCELOR MITTAL;61,0;ARCELOR MITTAL;0.00;;2024-02-05;32359,0;33,0;1,0;797.43;"BCH 1/2 x 3/16"" 6,00 M 1T"
;;2024-02-06 09:11:00;EDERSON.ARRUDA;121947;33;7021,0;33,0;4;19344,0;B;61;ARCELOR MITTAL;RDETXF;RJ;BA;2024-02-06;2024-02-10;61;ARCELOR MITTAL;61,0;ARCELOR MITTAL;0.00;;2024-02-06;32360,0;33,0;1,0;2950.61;CA60 5,00 MM RL 1T CINTADO
;;2024-02-06 09:24:00;EDERSON.ARRUDA;121948;33;7022,0;33,0;4;19344,0;B;61;ARCELOR MITTAL;RDEVTC;RJ;BA;2024-02-06;2024-02-10;61;ARCELOR MITTAL;61,0;ARCELOR MITTAL;0.00;;2024-02-06;32361,0;33,0;1,0;1169.11;CA60 5,00 MM RL 1T CINTADO
;;2024-02-05 14:28:00;KANNANDA.SANTOS;121948;35;139147,0;26,0;3;96,0;D;61;ARCELOR MITTAL;JGRSGR;PE;CE;2024-02-06;2024-02-08;61;ARCELOR MITTAL;61,0;ARCELOR MITTAL;0.00;;2024-02-05;14169,0;35,0;1,0;8508.81;SUCATA
;;2024-02-06 09:32:00;EDERSON.ARRUDA;121949;33;7023,0;33,0;4;31553,0;B;61;ARCELOR MITTAL;RDECDS;RJ;BA;2024-02-06;2024-02-10;61;ARCELOR MITTAL;61,0;ARCELOR MITTAL;0.00;;2024-02-06;32362,0;33,0;1,0;6960.95;"BRE 1/2"" NBR 7007 MR 250 6,0M 1 TO"
;;2024-02-05 15:33:00;KANNANDA.SANTOS;121949;35;139078,0;26,0;3;96,0;D;61;ARCELOR MITTAL;JGRSGR;PE;CE;2024-02-06;2024-02-08;61;ARCELOR MITTAL;61,0;ARCELOR MITTAL;0.00;;2024-02-05;14168,0;35,0;1,0;8508.81;SUCATA
;;2024-02-06 09:39:00;EDERSON.ARRUDA;121950;33;7024,0;33,0;4;58,0;B;61;ARCELOR MITTAL;RDECDS;RJ;BA;2024-02-06;2024-02-10;61;ARCELOR MITTAL;61,0;ARCELOR MITTAL;0.00;;2024-02-06;32363,0;33,0;1,0;1380.70;CANTONEIRA 12 MTS.
;;2024-02-05 15:35:00;KANNANDA.SANTOS;121950;35;139096,0;26,0;3;96,0;D;61;ARCELOR MITTAL;JGRSGR;PE;CE;2024-02-06;2024-02-08;61;ARCELOR MITTAL;61,0;ARCELOR MITTAL;0.00;;2024-02-05;14165,0;35,0;1,0;8508.81;SUCATA
;;2024-02-06 09:56:00;EDERSON.ARRUDA;121951;33;7025,0;33,0;5;24138,0;B;61;ARCELOR MITTAL;RDEBRA;RJ;DF;2024-02-06;2024-02-08;61;ARCELOR MITTAL;61,0;ARCELOR MITTAL;0.00;;2024-02-06;32364,0;33,0;1,0;8694.62;FM 5,50mm 10B06 NBR 6354
;;2024-02-06 11:12:00;EDERSON.ARRUDA;121952;33;7026,0;33,0;5;24138,0;B;61;ARCELOR MITTAL;RDEBRA;RJ;DF;2024-02-06;2024-02-07;61;ARCELOR MITTAL;61,0;ARCELOR MITTAL;0.00;;2024-02-06;32366,0;33,0;1,0;8694.71;FM 5,50mm 10B06 NBR 6354
;;2024-02-06 12:33:00;EDERSON.ARRUDA;121953;33;7027,0;33,0;5;24138,0;B;61;ARCELOR MITTAL;RDEBRA;RJ;DF;2024-02-06;2024-02-07;61;ARCELOR MITTAL;61,0;ARCELOR MITTAL;0.00;;2024-02-06;32367,0;33,0;1,0;9295.74;FM 5,50mm 10B06 NBR 6354
;;2024-02-06 11:05:00;KANNANDA.SANTOS;121981;35;139200,0;26,0;3;96,0;D;61;ARCELOR MITTAL;JGRSGR;PE;CE;2024-02-08;2024-02-12;61;ARCELOR MITTAL;;;0.00;;2024-02-06;14181,0;35,0;1,0;8508.81;SUCATA
;;2024-02-06 15:02:00;EDERSON.ARRUDA;121985;33;7029,0;33,0;5;24111,0;B;61;ARCELOR MITTAL;RDEBRA;RJ;DF;2024-02-06;2024-02-08;61;ARCELOR MITTAL;61,0;ARCELOR MITTAL;0.00;;2024-02-06;32369,0;33,0;1,0;8695.06;FM 5,50mm 10B06 NBR 6354 ESP
;;2024-02-06 22:30:00;ray.freitas;121986;33;7030,0;33,0;5;29533,0;B;61;ARCELOR MITTAL;RDEDCX;RJ;RJ;2024-02-06;2024-02-06;61;ARCELOR MITTAL;61,0;ARCELOR MITTAL;0.00;;2024-02-06;32370,0;33,0;1,0;2633.14;CA50 NUCLEO OCT.6,30 ROLO 2000 KG SOLDAV
;;2024-02-07 09:13:00;KANNANDA.SANTOS;122021;35;139207,0;26,0;3;96,0;D;61;ARCELOR MITTAL;JGRSGR;PE;CE;2024-02-08;2024-02-12;61;ARCELOR MITTAL;61,0;ARCELOR MITTAL;0.00;;2024-02-07;14183,0;35,0;1,0;8508.81;SUCATA
;;2024-02-07 15:43:00;EDERSON.ARRUDA;122022;33;7033,0;33,0;4;87123,0;B;61;ARCELOR MITTAL;RDEBRA;RJ;DF;2024-02-07;2024-02-08;61;ARCELOR MITTAL;61,0;ARCELOR MITTAL;0.00;;2024-02-07;32374,0;33,0;1,0;2558.32;FM 7,00 MV20B NBR6354
;;2024-02-07 15:53:00;EDERSON.ARRUDA;122023;33;7034,0;33,0;4;13336,0;B;61;ARCELOR MITTAL;RDEGYN;RJ;GO;2024-02-07;2024-02-09;61;ARCELOR MITTAL;;;0.00;;2024-02-07;32375,0;33,0;1,0;5869.35;CA50 8,00 MM RETO 12,0 M FX 2500 KG
;;2024-02-07 12:11:00;jorgeane.silva;122025;46;17121,0;46,0;3;21614,0;B;61;ARCELOR MITTAL;MAASGR;CE;CE;2024-02-07;2024-02-07;61;ARCELOR MITTAL;61,0;ARCELOR MITTAL;0.00;;2024-02-07;38277,0;46,0;1,0;1875.00;SUCATA OXICORTADA
;;2024-02-07 16:41:00;abinoa.oliveira;122026;46;17122,0;46,0;3;16711,0;D;61;ARCELOR MITTAL;MAAMRB;CE;PA;2024-02-07;2024-02-07;61;ARCELOR MITTAL;;;0.00;;2024-02-07;;;;;BELGO 50CA50  8 MM ROLO
;;2024-02-07 17:19:00;KANNANDA.SANTOS;122027;46;139148,0;26,0;3;96,0;D;61;ARCELOR MITTAL;MAASGR;CE;CE;2024-02-07;2024-02-08;61;ARCELOR MITTAL;61,0;ARCELOR MITTAL;0.00;;2024-02-07;38279,0;46,0;1,0;1875.00;SUCATA
;;2024-02-07 17:27:00;KANNANDA.SANTOS;122028;46;17128,0;46,0;3;96,0;D;61;ARCELOR MITTAL;MAASGR;CE;CE;2024-02-08;2024-02-09;61;ARCELOR MITTAL;61,0;ARCELOR MITTAL;0.00;;2024-02-07;38285,0;46,0;1,0;1875.00;SUCATA
;;2024-02-07 19:06:00;abinoa.oliveira;122029;46;17123,0;46,0;3;16711,0;B;61;ARCELOR MITTAL;MAAMRB;CE;PA;2024-02-07;2024-02-07;61;ARCELOR MITTAL;;;0.00;;2024-02-07;38280,0;46,0;1,0;11955.95;BELGO 50CA50  8 MM ROLO
;;2024-02-07 19:16:00;abinoa.oliveira;122030;46;17124,0;46,0;3;77,0;B;61;ARCELOR MITTAL;MAAMRB;CE;PA;2024-02-07;2024-02-07;61;ARCELOR MITTAL;;;0.00;;2024-02-07;38281,0;46,0;1,0;230.81;ARAME RECOZIDO
;;2024-02-07 19:26:00;abinoa.oliveira;122031;46;17125,0;46,0;3;16711,0;B;61;ARCELOR MITTAL;MAABEL;CE;PA;2024-02-07;2024-02-07;61;ARCELOR MITTAL;;;0.00;;2024-02-07;38282,0;46,0;1,0;11490.35;BELGO 50CA50  8 MM ROLO
;;2024-02-07 19:33:00;abinoa.oliveira;122032;46;17126,0;46,0;3;30461,0;B;61;ARCELOR MITTAL;MAABEL;CE;PA;2024-02-07;2024-02-07;61;ARCELOR MITTAL;;;0.00;;2024-02-07;38283,0;46,0;1,0;307.38;ARAME BTC RECOZIDO P/ AMARRACAO E CONSTRUCAO 1,65 MM
;;2024-02-07 17:31:00;KANNANDA.SANTOS;122070;35;139264,0;26,0;3;96,0;D;61;ARCELOR MITTAL;GNASGR;PE;CE;2024-02-09;2024-02-12;61;ARCELOR MITTAL;61,0;ARCELOR MITTAL;0.00;;2024-02-07;14193,0;35,0;1,0;7865.63;SUCATA
CANCELADO - CLIENTE;22,0;2024-02-07 17:33:00;KANNANDA.SANTOS;122071;35;;;3;96,0;C;61;ARCELOR MITTAL;GNASGR;PE;CE;2024-02-09;2024-02-12;61;ARCELOR MITTAL;61,0;ARCELOR MITTAL;0.00;;2024-02-07;;;;;SUCATA
;;2024-02-07 17:24:00;KANNANDA.SANTOS;122071;39;3487,0;39,0;3;96,0;D;61;ARCELOR MITTAL;VTCJFR;BA;MG;2024-02-08;2024-02-12;61;ARCELOR MITTAL;61,0;ARCELOR MITTAL;0.00;;2024-02-07;13131,0;39,0;1,0;16677.82;SUCATA
CANCELADO - CLIENTE;22,0;2024-02-07 17:34:00;KANNANDA.SANTOS;122072;35;;;3;96,0;C;61;ARCELOR MITTAL;GNASGR;PE;CE;2024-02-09;2024-02-12;61;ARCELOR MITTAL;61,0;ARCELOR MITTAL;0.00;;2024-02-07;;;;;SUCATA
;;2024-02-08 11:52:00;Kannanda.santos;122077;35;139326,0;26,0;3;96,0;D;61;ARCELOR MITTAL;JGRSGR;PE;CE;2024-02-08;2024-02-12;61;ARCELOR MITTAL;61,0;ARCELOR MITTAL;0.00;;2024-02-08;14211,0;35,0;1,0;16336.91;SUCATA
;;2024-02-07 22:34:00;ray.freitas;122078;33;7037,0;33,0;5;35146,0;B;61;ARCELOR MITTAL;BAASAB;RJ;MG;2024-02-07;2024-02-07;61;ARCELOR MITTAL;61,0;ARCELOR MITTAL;0.00;;2024-02-07;32379,0;33,0;1,0;304.92;"B.RED.MEC. 2 1/16"" 1020 11,40M 2T SABAC"
;;2024-02-07 22:43:00;ray.freitas;122079;33;7038,0;33,0;5;24436,0;B;61;ARCELOR MITTAL;BAASAB;RJ;MG;2024-02-07;2024-02-07;61;ARCELOR MITTAL;61,0;ARCELOR MITTAL;0.00;;2024-02-07;32380,0;33,0;1,0;999.20;FM 10,00mm BTC NBR 6354 ESP
;;2024-02-07 22:54:00;ray.freitas;122080;33;7039,0;33,0;5;256,0;B;61;ARCELOR MITTAL;BAASAB;RJ;MG;2024-02-07;2024-02-07;61;ARCELOR MITTAL;61,0;ARCELOR MITTAL;0.00;;2024-02-07;32381,0;33,0;1,0;2804.83;BARRA SEXTAV. TREF 1045
;;2024-02-08 08:27:00;EDERSON.ARRUDA;122081;33;7040,0;33,0;4;31560,0;B;61;ARCELOR MITTAL;RDERPR;RJ;SP;2024-02-08;2024-02-08;61;ARCELOR MITTAL;61,0;ARCELOR MITTAL;0.00;;2024-02-08;32382,0;33,0;1,0;2411.91;"BRE 1/4"" NBR 7007 MR 250 6,0M 1 TO"
;;2024-02-08 08:45:00;EDERSON.ARRUDA;122082;33;7041,0;33,0;4;31560,0;B;61;ARCELOR MITTAL;RDERPR;RJ;SP;2024-02-08;2024-02-08;61;ARCELOR MITTAL;61,0;ARCELOR MITTAL;0.00;;2024-02-08;32383,0;33,0;1,0;885.39;"BRE 1/4"" NBR 7007 MR 250 6,0M 1 TO"
;;2024-02-08 09:18:00;EDERSON.ARRUDA;122083;33;7042,0;33,0;4;31560,0;B;61;ARCELOR MITTAL;RDERPR;RJ;SP;2024-02-08;2024-02-08;61;ARCELOR MITTAL;61,0;ARCELOR MITTAL;0.00;;2024-02-08;32384,0;33,0;1,0;881.33;"BRE 1/4"" NBR 7007 MR 250 6,0M 1 TO"
;;2024-02-09 08:54:00;EDERSON.ARRUDA;122106;33;7044,0;33,0;4;344,0;B;61;ARCELOR MITTAL;RDERON;RJ;MT;2024-02-09;2024-02-13;61;ARCELOR MITTAL;;;0.00;;2024-02-09;32390,0;33,0;1,0;10746.09;TELAS
;;2024-02-08 16:26:00;KANNANDA.SANTOS;122110;39;139341,0;26,0;3;96,0;D;61;ARCELOR MITTAL;JUASGR;BA;CE;2024-02-09;2024-02-12;61;ARCELOR MITTAL;61,0;ARCELOR MITTAL;0.00;;2024-02-08;13169,0;39,0;1,0;8776.70;SUCATA
;;2024-02-09 10:34:00;KANNANDA.SANTOS;122124;46;139254,0;26,0;3;96,0;D;61;ARCELOR MITTAL;MAASGR;CE;CE;2024-02-09;2024-02-10;61;ARCELOR MITTAL;61,0;ARCELOR MITTAL;0.00;;2024-02-09;38296,0;46,0;1,0;1875.00;SUCATA
DECLINADO - FALTA ATENDIMENTO;21,0;2024-02-09 08:55:00;Kannanda.santos;122130;39;;;3;96,0;C;61;ARCELOR MITTAL;SAVJFR;BA;MG;2024-02-09;2024-02-13;61;ARCELOR MITTAL;61,0;ARCELOR MITTAL;0.00;;2024-02-09;;;;;SUCATA
;;2024-02-09 09:48:00;EDERSON.ARRUDA;122133;33;7046,0;33,0;4;21507,0;B;61;ARCELOR MITTAL;RDEVAG;RJ;MT;2024-02-09;2024-02-11;61;ARCELOR MITTAL;;;0.00;;2024-02-09;32393,0;33,0;1,0;14207.32;FM 6,00 1008 MV07A 3503 SP
;;2024-02-09 11:27:00;EDERSON.ARRUDA;122134;33;7047,0;33,0;4;48227,0;B;61;ARCELOR MITTAL;RDEBRA;RJ;DF;2024-02-09;2024-02-11;61;ARCELOR MITTAL;61,0;ARCELOR MITTAL;0.00;;2024-02-09;32394,0;33,0;1,0;6141.82;CA50 NUCLEO OCT
;;2024-02-09 11:36:00;EDERSON.ARRUDA;122135;33;7048,0;33,0;4;48227,0;B;61;ARCELOR MITTAL;RDEBRA;RJ;DF;2024-02-09;2024-02-11;61;ARCELOR MITTAL;61,0;ARCELOR MITTAL;0.00;;2024-02-09;32395,0;33,0;1,0;3918.83;CA50 NUCLEO OCT
;;2024-02-09 20:44:00;ray.freitas;122136;33;7049,0;33,0;1;24138,0;B;61;ARCELOR MITTAL;RDEBRA;RJ;DF;2024-02-09;2024-02-09;61;ARCELOR MITTAL;61,0;ARCELOR MITTAL;0.00;;2024-02-09;32396,0;33,0;1,0;8695.04;FM 5,50mm 10B06 NBR 6354
;;2024-02-09 22:11:00;EDERSON.ARRUDA;122137;33;7050,0;33,0;5;57,0;B;61;ARCELOR MITTAL;BAABEL;RJ;PA;2024-02-09;2024-02-09;61;ARCELOR MITTAL;61,0;ARCELOR MITTAL;0.00;;2024-02-09;32397,0;33,0;1,0;30325.23;CANTONEIRA 6 MTS.
;;2024-02-09 22:22:00;EDERSON.ARRUDA;122138;33;7051,0;33,0;5;45757,0;B;61;ARCELOR MITTAL;BAASAB;RJ;MG;2024-02-09;2024-02-11;61;ARCELOR MITTAL;61,0;ARCELOR MITTAL;0.00;;2024-02-09;32398,0;33,0;1,0;5167.03;B RED MEC
;;2024-02-09 22:46:00;EDERSON.ARRUDA;122139;33;7052,0;33,0;4;48227,0;B;61;ARCELOR MITTAL;RDESIN;RJ;MT;2024-02-09;2024-02-12;61;ARCELOR MITTAL;;;0.00;;2024-02-09;32399,0;33,0;1,0;1094.74;CA50 NUCLEO OCT
;;2024-02-09 22:52:00;EDERSON.ARRUDA;122140;33;7053,0;33,0;4;48227,0;B;61;ARCELOR MITTAL;RDESIN;RJ;MT;2024-02-09;2024-02-12;61;ARCELOR MITTAL;;;0.00;;2024-02-09;32400,0;33,0;1,0;2088.70;CA50 NUCLEO OCT
;;2024-02-09 22:59:00;EDERSON.ARRUDA;122141;33;7054,0;33,0;4;48227,0;B;61;ARCELOR MITTAL;RDESIN;RJ;MT;2024-02-09;2024-02-12;61;ARCELOR MITTAL;;;0.00;;2024-02-09;32401,0;33,0;1,0;14606.58;CA50 NUCLEO OCT
;;2024-02-10 07:56:00;EDERSON.ARRUDA;122142;33;7055,0;33,0;4;24937,0;B;61;ARCELOR MITTAL;RDEBRA;RJ;DF;2024-02-10;2024-02-12;61;ARCELOR MITTAL;61,0;ARCELOR MITTAL;0.00;;2024-02-10;32402,0;33,0;1,0;7323.72;FM 5,50mm 10B06 NBR 6354 ESP
;;2024-02-10 07:58:00;ray.freitas;122143;33;7056,0;33,0;1;33712,0;B;61;ARCELOR MITTAL;BAASAB;RJ;MG;2024-02-10;2024-02-10;61;ARCELOR MITTAL;61,0;ARCELOR MITTAL;0.00;;2024-02-10;32404,0;33,0;1,0;2987.02;"B.RED.MEC. 3"" 1045 6,0M 2T"
;;2024-02-10 08:05:00;EDERSON.ARRUDA;122144;33;7057,0;33,0;4;24138,0;B;61;ARCELOR MITTAL;RDEBRA;RJ;DF;2024-02-10;2024-02-12;61;ARCELOR MITTAL;61,0;ARCELOR MITTAL;0.00;;2024-02-10;32403,0;33,0;1,0;2812.77;FM 5,50mm 10B06 NBR 6354
;;2024-02-10 08:21:00;ray.freitas;122145;33;7058,0;33,0;1;33712,0;B;61;ARCELOR MITTAL;BAASAB;RJ;MG;2024-02-10;2024-02-10;61;ARCELOR MITTAL;61,0;ARCELOR MITTAL;0.00;;2024-02-10;32405,0;33,0;1,0;1789.97;"B.RED.MEC. 3"" 1045 6,0M 2T"
;;2024-02-10 17:14:00;EDERSON.ARRUDA;122146;33;7059,0;33,0;4;24138,0;B;61;ARCELOR MITTAL;RDEBRA;RJ;DF;2024-02-10;2024-02-12;61;ARCELOR MITTAL;61,0;ARCELOR MITTAL;0.00;;2024-02-10;32406,0;33,0;1,0;8452.41;FM 5,50mm 10B06 NBR 6354
;;2024-02-10 17:19:00;EDERSON.ARRUDA;122147;33;7060,0;33,0;4;21507,0;B;61;ARCELOR MITTAL;RDEBRA;RJ;DF;2024-02-10;2024-02-12;61;ARCELOR MITTAL;61,0;ARCELOR MITTAL;0.00;;2024-02-10;32407,0;33,0;1,0;562.99;FM 6,00 1008 MV07A 3503 SP
;;2024-02-10 17:24:00;EDERSON.ARRUDA;122148;33;7061,0;33,0;4;24138,0;B;61;ARCELOR MITTAL;RDEBRA;RJ;DF;2024-02-10;2024-02-12;61;ARCELOR MITTAL;61,0;ARCELOR MITTAL;0.00;;2024-02-10;32408,0;33,0;1,0;1129.22;FM 5,50mm 10B06 NBR 6354
;;2024-02-11 07:56:00;ray.freitas;122149;33;7062,0;33,0;1;24438,0;B;61;ARCELOR MITTAL;RDECZO;RJ;SP;2024-02-11;2024-02-11;61;ARCELOR MITTAL;;;0.00;;2024-02-11;32409,0;33,0;1,0;3250.11;FM 6,50 /mm
;;2024-02-09 13:46:00;cleilson.junior;122187;35;139261,0;26,0;3;96,0;D;61;ARCELOR MITTAL;GNARDE;PE;RJ;2024-02-09;2024-02-12;61;ARCELOR MITTAL;61,0;ARCELOR MITTAL;0.00;;2024-02-09;14199,0;35,0;1,0;12100.00;SUCATA
;;2024-02-09 13:55:00;cleilson.junior;122189;35;139266,0;26,0;3;96,0;D;61;ARCELOR MITTAL;GNARDE;PE;RJ;2024-02-09;2024-02-14;61;ARCELOR MITTAL;61,0;ARCELOR MITTAL;0.00;;2024-02-09;14196,0;35,0;1,0;12100.00;SUCATA
;;2024-02-09 14:01:00;cleilson.junior;122190;35;139262,0;26,0;1;96,0;D;61;ARCELOR MITTAL;GNARDE;PE;RJ;2024-02-09;2024-02-09;61;ARCELOR MITTAL;61,0;ARCELOR MITTAL;0.00;;2024-02-09;14198,0;35,0;1,0;12100.00;SUCATA
;;2024-02-09 16:58:00;KANNANDA.SANTOS;122192;35;139318,0;26,0;3;96,0;D;61;ARCELOR MITTAL;GNASGR;PE;CE;2024-02-09;2024-02-12;61;ARCELOR MITTAL;61,0;ARCELOR MITTAL;0.00;;2024-02-09;14202,0;35,0;1,0;7865.63;SUCATA
;;2024-02-09 15:50:00;jorgeane.silva;122256;46;17133,0;46,0;3;12561,0;B;61;ARCELOR MITTAL;MAAJFR;CE;MG;2024-02-09;2024-02-09;61;ARCELOR MITTAL;61,0;ARCELOR MITTAL;0.00;;2024-02-09;38299,0;46,0;1,0;13402.56;Pacote Misto/Chaparia
;;2024-02-10 09:09:00;Kannanda.santos;122305;35;139394,0;26,0;3;96,0;D;61;ARCELOR MITTAL;GNASGR;PE;CE;2024-02-10;2024-02-13;61;ARCELOR MITTAL;61,0;ARCELOR MITTAL;0.00;;2024-02-10;14226,0;35,0;1,0;7865.63;SUCATA
;;2024-02-12 08:31:00;Kannanda.santos;122337;35;;;3;96,0;D;61;ARCELOR MITTAL;JGRSGR;PE;CE;2024-02-14;2024-02-16;61;ARCELOR MITTAL;61,0;ARCELOR MITTAL;0.00;;2024-02-12;;;;;SUCATA
;;2024-02-12 08:34:00;Kannanda.santos;122338;35;;;3;96,0;D;61;ARCELOR MITTAL;JGRSGR;PE;CE;2024-02-14;2024-02-16;61;ARCELOR MITTAL;61,0;ARCELOR MITTAL;0.00;;2024-02-12;;;;;SUCATA
;;2024-02-12 08:37:00;Kannanda.santos;122340;35;3646,0;35,0;3;96,0;D;61;ARCELOR MITTAL;GNASGR;PE;CE;2024-02-14;2024-02-16;61;ARCELOR MITTAL;61,0;ARCELOR MITTAL;0.00;;2024-02-12;14232,0;35,0;1,0;7865.63;SUCATA
;;2024-02-13 13:30:00;Kannanda.santos;122346;35;;;3;96,0;D;61;ARCELOR MITTAL;GNASGR;PE;CE;2024-02-14;2024-02-16;61;ARCELOR MITTAL;61,0;ARCELOR MITTAL;0.00;;2024-02-13;;;;;SUCATA
;;2024-02-13 11:02:00;EDERSON.ARRUDA;122362;33;7066,0;33,0;4;82332,0;B;61;ARCELOR MITTAL;RDEBRA;RJ;DF;2024-02-13;2024-02-15;61;ARCELOR MITTAL;61,0;ARCELOR MITTAL;0.00;;2024-02-13;32418,0;33,0;1,0;1597.43;FM 8,00MM ABNT 1012 NBR6354
;;2024-02-13 11:11:00;EDERSON.ARRUDA;122363;33;7067,0;33,0;4;24138,0;B;61;ARCELOR MITTAL;RDEBRA;RJ;DF;2024-02-13;2024-02-15;61;ARCELOR MITTAL;61,0;ARCELOR MITTAL;0.00;;2024-02-13;32419,0;33,0;1,0;8673.43;FM 5,50mm 10B06 NBR 6354
;;2024-02-13 11:16:00;EDERSON.ARRUDA;122364;33;7068,0;33,0;4;21507,0;B;61;ARCELOR MITTAL;RDEBRA;RJ;DF;2024-02-13;2024-02-15;61;ARCELOR MITTAL;61,0;ARCELOR MITTAL;0.00;;2024-02-13;32420,0;33,0;1,0;620.83;FM 6,00 1008 MV07A 3503 SP
;;2024-02-13 15:30:00;EDERSON.ARRUDA;122365;33;7069,0;33,0;5;21507,0;B;61;ARCELOR MITTAL;RDEBRA;RJ;DF;2024-02-13;2024-02-15;61;ARCELOR MITTAL;61,0;ARCELOR MITTAL;0.00;;2024-02-13;32421,0;33,0;1,0;8694.74;FM 6,00 1008 MV07A 3503 SP
;;2024-02-14 08:33:00;juliana.castilho;122366;33;7070,0;33,0;3;21505,0;D;61;ARCELOR MITTAL;RDEVGS;RJ;SP;2024-02-14;2024-02-14;61;ARCELOR MITTAL;;;0.00;;2024-02-14;32422,0;33,0;1,0;2564.52;FM 6,00 1008 MV07A 3503 SP
;;2024-02-14 09:21:00;juliana.castilho;122367;33;7071,0;33,0;3;77194,0;B;61;ARCELOR MITTAL;RDESPA;RJ;SP;2024-02-14;2024-02-14;61;ARCELOR MITTAL;61,0;ARCELOR MITTAL;0.00;;2024-02-14;32427,0;33,0;1,0;1326.56;FM 6,50MM AM60B NBR6354 RS
;;2024-02-13 13:21:00;Kannanda.santos;122368;39;3507,0;39,0;3;96,0;D;61;ARCELOR MITTAL;JIEJFR;BA;MG;2024-02-14;2024-02-17;61;ARCELOR MITTAL;61,0;ARCELOR MITTAL;0.00;;2024-02-13;;;;;SUCATA
;;2024-02-14 11:08:00;Kannanda.santos;122399;35;3647,0;35,0;3;96,0;D;61;ARCELOR MITTAL;GNASGR;PE;CE;2024-02-14;2024-02-16;61;ARCELOR MITTAL;61,0;ARCELOR MITTAL;0.00;;2024-02-14;14233,0;35,0;1,0;7865.63;SUCATA
